{"data": [0.44142784904059423, 0.507942887754661, 0.5879505702894876, 0.4488313756491588], "indices": [2958, 3963, 4136, 4490], "indptr": [0, 4], "shape": [1, 5000]}